record_id,company_name,car_name,powertrain_type,horsepower_hp,price_usd,top_speed_kmh
d7db6986-cdee-491e-aec5-7e958c39037f,Toyota,RAV4,Hybrid,203,30000.0,180
0a083dc5-d457-47ca-87c0-75e915f904ec,BMW,i4,EV,335,56000.0,190
612b4fdf-c8cf-43cb-aa08-faad1aad6491,Ford,F-150,ICE,400,,160
0d8dd2fe-2956-481b-b3d4-b99ac95cd194,Kia,EV6,EV,320,48000.0,192
8c56b9f1-4df1-470e-b928-9298f481e3aa,Mazda,MX-5,ICE,181,29000.0,215
63137cb0-bc54-4ce8-9246-ee71bb25e384,Toyota,Corolla,ICE,140,25000.0,180
0d5c5f87-79a1-4b8d-b029-9cd7d03f0a54,Honda,Civic,ICE,158,27500.0,200
adb4aa4c-0f79-4ed0-b472-3bae0a77a7b3,Tesla,Model 3,EV,283,42000.0,225
141050c3-3445-4915-ac1b-5e35a16ce18f,BMW,M3,ICE,473,75000.0,290
333e7b82-a345-4e91-830c-4098dab5b7d3,Ford,Mustang GT,ICE,450,45000.0,250
3af558b0-3f97-4045-8661-3ac8172bc443,Toyota,Prius,Hybrid,121,28000.0,180
05a4654c-2fb3-4887-a1e6-5b7b3ec002d7,Porsche,911 Turbo,ICE,572,180000.0,320
dcd6e80c-6da6-4293-a622-d8f050126998,Nissan,Leaf,EV,147,29000.0,157
19d0770b-7bca-4a82-b11a-d37f17ca8be1,Hyundai,Ioniq 5,EV,320,44000.0,185
a903f90e-9bd7-42bb-b574-bb095f5e1700,Chevrolet,Corvette,ICE,495,65000.0,312
b489b39a-0598-4892-bc45-7eafa2a57455,Toyota,RAV4,Hybrid,203,30000.0,180
5b97eb8a-be5c-4a2c-98ab-2512074592c2,BMW,i4,EV,335,56000.0,190
6a1ca5ee-37ed-4ae6-b155-f5c84de94a48,Ford,F-150,ICE,400,,160
4b95a941-ca4c-447b-ad67-a958c771139b,Kia,EV6,EV,320,48000.0,192
f13b7323-606e-452c-b723-0ea0b72c3bf5,Mazda,MX-5,ICE,181,29000.0,215
612f3e97-1ec3-4073-9295-b6e4dd76d2c0,Toyota,Prius,Hybrid,121,28000.0,180
5fc7ef76-0310-4edd-8fce-6bbf735f6e66,Porsche,911 Turbo,ICE,572,180000.0,320
f52e8b75-5025-410e-9cdb-3c30097b74cc,Nissan,Leaf,EV,147,29000.0,157
057dc1c7-28e4-4266-82f7-4a350cbae4fd,Hyundai,Ioniq 5,EV,320,44000.0,185
93136531-95e9-4abe-94f1-9c02d1cf0200,Chevrolet,Corvette,ICE,495,65000.0,312
6d21e31c-d222-465c-a484-04bdd2a20d37,Toyota,RAV4,Hybrid,203,30000.0,180
8f6c66a4-823d-42b7-80ba-2585cdf800c1,BMW,i4,EV,335,56000.0,190
0a2c1cbe-ce8f-4f3d-b244-7bade5a94534,Ford,F-150,ICE,400,,160
b8ae8111-1569-49d7-b950-3643577fdd15,Kia,EV6,EV,320,48000.0,192
963887d1-926a-4394-8563-7f651519cb7a,Mazda,MX-5,ICE,181,29000.0,215
abb666eb-9cab-48ad-b301-5f39638898e6,Toyota,Corolla,ICE,140,25000.0,180
977e5bd0-1999-4c8c-a490-57f4900a7d5e,Honda,Civic,ICE,158,27500.0,200
4eb0d6d0-5430-492d-8947-0b27b3163781,Tesla,Model 3,EV,283,42000.0,225
8d0e96ff-bd47-44c9-bf92-b7c4ddbe2949,BMW,M3,ICE,473,75000.0,290
3beca948-4663-40c1-8e34-67abe0bf63d7,Ford,Mustang GT,ICE,450,45000.0,250
1475d0a7-9939-4db5-88f8-802bdf95d5b9,Toyota,Prius,Hybrid,121,28000.0,180
788764d7-59d3-445d-a5f8-b51e67076c30,Porsche,911 Turbo,ICE,572,180000.0,320
8c884a28-1a64-4a2b-9eff-c0393102e1e9,Nissan,Leaf,EV,147,29000.0,157
885221c3-0773-45dc-930e-3b2b48f2d470,Hyundai,Ioniq 5,EV,320,44000.0,185
1eca87b7-18d2-49ad-a101-4a8153192b6e,Chevrolet,Corvette,ICE,495,65000.0,312
7f217a2a-b546-4c18-b705-5e8aa61998ab,Toyota,RAV4,Hybrid,203,30000.0,180
6e9487ba-b596-4c17-ab36-3042cb71c066,BMW,i4,EV,335,56000.0,190
f5abeb03-8470-41e3-99f3-33254fb8c9a6,Ford,F-150,ICE,400,,160
7510296e-08e4-4616-a3e5-459ba3278202,Kia,EV6,EV,320,48000.0,192
9cb59b34-bf55-4aa8-9008-e23f3983b889,Mazda,MX-5,ICE,181,29000.0,215
7ee78d54-4ad3-428e-ab09-8379a72d9463,Toyota,RAV4,Hybrid,203,30000.0,180
f90cdfc8-9b75-4ca5-b0b7-d8f6e60bac0b,BMW,i4,EV,335,56000.0,190
48676601-6f32-427a-8712-14eccb81d814,Ford,F-150,ICE,400,,160
ff681750-b1ca-4bd9-9f47-7c43075ab12f,Kia,EV6,EV,320,48000.0,192
c7b5da22-d2ec-497f-baeb-2f876213360d,Mazda,MX-5,ICE,181,29000.0,215
e1c15721-eb66-4558-9fe4-9aaf2a84cee8,Toyota,Prius,Hybrid,121,28000.0,180
ad32a609-699f-4bf0-8741-f44ed0afc7bc,Porsche,911 Turbo,ICE,572,180000.0,320
8b91fadb-34c1-4a74-84fb-0770c0ea8e7a,Nissan,Leaf,EV,147,29000.0,157
bbe87cd2-e2c4-4643-a8bc-35893536ba66,Hyundai,Ioniq 5,EV,320,44000.0,185
4a9208ea-8c2d-4ed4-b482-a276f0993198,Chevrolet,Corvette,ICE,495,65000.0,312
2cad645d-dbb4-454d-ad0b-cf883c9472c7,Toyota,Corolla,ICE,140,25000.0,180
e6af36cb-d0cd-4ae5-aac4-a4c3554f974e,Honda,Civic,ICE,158,27500.0,200
17b099e7-084d-4613-8dde-75b70c15e4e8,Tesla,Model 3,EV,283,42000.0,225
1198da47-46f0-4ef0-ab1c-8b22279273bb,BMW,M3,ICE,473,75000.0,290
b44cab47-76ce-4269-b84f-0c5b3c40a0f0,Ford,Mustang GT,ICE,450,45000.0,250
d89663d8-6bb4-41c6-98bb-81d1a062e93c,Toyota,Corolla,ICE,140,25000.0,180
3b4bfecd-d0e5-4832-b3de-5f2d23ca04e1,Honda,Civic,ICE,158,27500.0,200
80e3305f-c1e2-4d94-89f0-e4fc97fb6b94,Tesla,Model 3,EV,283,42000.0,225
7a054609-bc94-4504-a58f-3f287fbba382,BMW,M3,ICE,473,75000.0,290
1b0b71a8-ceb2-4058-b916-6f6e199503b0,Ford,Mustang GT,ICE,450,45000.0,250
cce97124-8d5b-4034-b8e9-dff722192527,Toyota,Prius,Hybrid,121,28000.0,180
09a679b0-e399-46d0-a77b-6afc93ec8711,Porsche,911 Turbo,ICE,572,180000.0,320
22c54517-461f-4994-a36e-bc09179704ea,Nissan,Leaf,EV,147,29000.0,157
473356e4-125b-47e4-ac59-c650f62b52a2,Hyundai,Ioniq 5,EV,320,44000.0,185
f122077d-e1aa-4dc6-8d6c-a9a300979c9a,Chevrolet,Corvette,ICE,495,65000.0,312
dc8f9420-50fb-45d8-b231-36e5532a2db3,Toyota,RAV4,Hybrid,203,30000.0,180
18baf360-1fb3-4189-b8a8-6b611c553093,BMW,i4,EV,335,56000.0,190
8b2c86e2-5239-49ec-a915-11ef378573cb,Ford,F-150,ICE,400,,160
c04e7ca6-e376-4c9a-9e57-b9144b9faac1,Kia,EV6,EV,320,48000.0,192
4942fd87-f6da-4134-bce5-fe1c2288fea7,Mazda,MX-5,ICE,181,29000.0,215
aef8fc6d-f5e8-4956-bd9a-a58f386bd059,Toyota,Corolla,ICE,140,25000.0,180
2d050fcf-ebcf-401e-a1f2-a182bd697281,Honda,Civic,ICE,158,27500.0,200
31184356-47ac-4e3a-83cc-27620edd2b09,Tesla,Model 3,EV,283,42000.0,225
1e409341-e7d7-4885-a1ec-f752808dccd6,BMW,M3,ICE,473,75000.0,290
c7e724b8-60a8-4a1e-8aec-e522f46c3746,Ford,Mustang GT,ICE,450,45000.0,250
65b6e6c6-d6a6-4c2c-a142-c57b874d2a2f,Toyota,Prius,Hybrid,121,28000.0,180
f1c3320f-1ddb-4b50-877b-0d43c1d57f68,Porsche,911 Turbo,ICE,572,180000.0,320
bcd08542-6b08-46f5-ac53-0222d9bf33ef,Nissan,Leaf,EV,147,29000.0,157
5cfb95d0-e833-4e22-9dc8-8f4da8d8714b,Hyundai,Ioniq 5,EV,320,44000.0,185
aa8d6f1a-58f6-4931-9b28-5132a2567668,Chevrolet,Corvette,ICE,495,65000.0,312
d1e252f8-9204-4b9f-a7e1-22b8ea49c6a2,Toyota,RAV4,Hybrid,203,30000.0,180
f851b501-dd56-4afb-9a70-81839bd1617b,BMW,i4,EV,335,56000.0,190
961ed323-1583-4892-a7d7-90518635227d,Ford,F-150,ICE,400,,160
196410e1-3d1b-45b2-a3d7-b20fa2a6aa1b,Kia,EV6,EV,320,48000.0,192
993a74b9-1a09-47fb-a504-623ebd2631d1,Mazda,MX-5,ICE,181,29000.0,215
6b7ba041-917f-4ecf-8f60-7954c59b0a3f,Toyota,Corolla,ICE,140,25000.0,180
69cd228f-a628-4f50-8873-99b14fb21fe0,Honda,Civic,ICE,158,27500.0,200
9ab8706f-bc1b-41ae-8a6b-974ce92a2a29,Tesla,Model 3,EV,283,42000.0,225
c6ad7808-c412-46c7-b0eb-8b74a6f0e089,BMW,M3,ICE,473,75000.0,290
01b80244-a42a-4592-9dac-77c7b43c89bb,Ford,Mustang GT,ICE,450,45000.0,250
61f9dbae-a646-4ad5-a14e-d2a3dbd6d995,Toyota,Prius,Hybrid,121,28000.0,180
41a3cbdc-7861-4941-8d86-5500d76f0d7f,Porsche,911 Turbo,ICE,572,180000.0,320
00276f8e-0349-4b20-8d0a-131567e84288,Nissan,Leaf,EV,147,29000.0,157
3c476c53-d188-4c26-9c6c-e7b6ac243666,Hyundai,Ioniq 5,EV,320,44000.0,185
1c669b78-8203-43cb-b224-ce09150eaad3,Chevrolet,Corvette,ICE,495,65000.0,312
1da9ec4b-b411-4e68-8b5f-bf72c9bf6275,Toyota,RAV4,Hybrid,203,30000.0,180
c9eeed80-4f84-4d4b-8a4a-431534eebfa7,BMW,i4,EV,335,56000.0,190
78f6587b-945d-43a3-962f-a336cb6ea0b7,Ford,F-150,ICE,400,,160
51c7bd2a-49a7-41a6-8294-390581aafe5a,Kia,EV6,EV,320,48000.0,192
cc66d5b7-db54-4436-9e17-f18b7028cc19,Mazda,MX-5,ICE,181,29000.0,215
2ea91618-35c5-42eb-8e7b-595dc3978489,Toyota,Corolla,ICE,140,25000.0,180
ad0abce2-28d4-46c1-a0e6-fea9d5bfe246,Honda,Civic,ICE,158,27500.0,200
9be26cd4-686e-49f6-9611-d43646e33481,Tesla,Model 3,EV,283,42000.0,225
33dbdad6-c5ce-44fe-ba82-9d8914ee1f89,BMW,M3,ICE,473,75000.0,290
09161e5c-b99b-4f3f-99d8-3b9e3ffd7b35,Ford,Mustang GT,ICE,450,45000.0,250
1f964812-0a5c-4cce-b675-1147c17f8f23,Toyota,Prius,Hybrid,121,28000.0,180
ea3bcad8-66fc-4170-bc44-5f644257cb28,Porsche,911 Turbo,ICE,572,180000.0,320
71a51539-badb-4097-924a-654dc3827c5d,Nissan,Leaf,EV,147,29000.0,157
ce7ac149-81c7-4347-a44b-3d7910ad4de4,Hyundai,Ioniq 5,EV,320,44000.0,185
5f312a48-5f59-46dc-a96d-695a6949858e,Chevrolet,Corvette,ICE,495,65000.0,312
cd702f20-5b89-4e75-8d6c-69c556532bde,Toyota,RAV4,Hybrid,203,30000.0,180
deecf7ef-88bb-4a9d-88eb-f750a7b37b63,BMW,i4,EV,335,56000.0,190
1bbe1a5c-346c-4efa-bc52-c765dcb3f381,Ford,F-150,ICE,400,,160
7f3ca20a-d921-494e-9015-1b060b0acbda,Kia,EV6,EV,320,48000.0,192
a787f8b5-93a4-4718-abbf-6505627f07cb,Mazda,MX-5,ICE,181,29000.0,215
23dee06d-93a6-4602-a848-81dba9570158,Toyota,Corolla,ICE,140,25000.0,180
507e687d-5271-42d7-8056-cc47a03cb4fb,Honda,Civic,ICE,158,27500.0,200
ad207844-462b-413d-bad6-9402e16998cd,Tesla,Model 3,EV,283,42000.0,225
101080c3-ac9a-45d8-b2d0-bade810218c3,BMW,M3,ICE,473,75000.0,290
38ce8532-169a-41d5-a544-44db30a9dec5,Ford,Mustang GT,ICE,450,45000.0,250
24d41d61-51d8-42dd-b6a6-1f2282e5b94f,Toyota,Prius,Hybrid,121,28000.0,180
ad452290-e0f1-46e5-a964-a53be0378134,Porsche,911 Turbo,ICE,572,180000.0,320
d5e0606a-3b97-4ab3-946b-4af096bf7dce,Nissan,Leaf,EV,147,29000.0,157
200fa108-0f7e-4891-91f2-c4f7efe3728b,Hyundai,Ioniq 5,EV,320,44000.0,185
deefaf50-43fc-4f77-9551-9b4061726da3,Chevrolet,Corvette,ICE,495,65000.0,312
4727cc3d-e938-421c-a55a-e70397e3fa8e,Toyota,RAV4,Hybrid,203,30000.0,180
93c3b208-eedb-4f38-b389-a1d6d7d8c947,BMW,i4,EV,335,56000.0,190
11d14267-099f-4a09-84e8-4e2e62469dd4,Ford,F-150,ICE,400,,160
d01a03b4-7dd1-4ab8-8024-bbfeb633fa86,Kia,EV6,EV,320,48000.0,192
365aba69-b4ab-4ee4-8a5e-eccf847f3ac5,Mazda,MX-5,ICE,181,29000.0,215
66d28284-e6b7-4034-8fe4-9288c1a2808b,Toyota,Corolla,ICE,140,25000.0,180
eb5ad25a-4dcc-4d1f-8bb7-f469464f4117,Honda,Civic,ICE,158,27500.0,200
d60de08c-5e14-483a-974c-b05ab8f31207,Tesla,Model 3,EV,283,42000.0,225
e1b94ae4-6ac7-4de1-8240-86512463b61d,BMW,M3,ICE,473,75000.0,290
edfe082a-c337-43d7-92d1-39f3b693e698,Ford,Mustang GT,ICE,450,45000.0,250
30bd1a44-ae43-4544-aecc-129c75f8caca,Toyota,Prius,Hybrid,121,28000.0,180
86c6c8e4-4cd8-4dd1-81d8-7b8b00444aa4,Porsche,911 Turbo,ICE,572,180000.0,320
2fd31138-6247-4928-b068-24228bb8bcc7,Nissan,Leaf,EV,147,29000.0,157
c9515f79-d81c-452f-9d5f-06975e6d2d20,Hyundai,Ioniq 5,EV,320,44000.0,185
fee375b7-305c-467c-ae73-422e66fc5644,Chevrolet,Corvette,ICE,495,65000.0,312
963d5c1b-ac30-4d63-8ac9-857c5d762a69,Toyota,RAV4,Hybrid,203,30000.0,180
0d61aede-460f-4b80-acd1-a0a0f814192f,BMW,i4,EV,335,56000.0,190
5de3db00-c84a-41a9-a7ed-c6e7f271efbf,Ford,F-150,ICE,400,,160
2fcc85b1-0d92-4700-af85-698a445e9272,Kia,EV6,EV,320,48000.0,192
f1201862-130e-44c6-9d53-00b8e65f8d6e,Mazda,MX-5,ICE,181,29000.0,215
e816f0bf-b2d8-47e1-95c0-afb721af6aa2,Toyota,Corolla,ICE,140,25000.0,180
3a7bfcb7-0b2b-4446-9878-d37cf08c503f,Honda,Civic,ICE,158,27500.0,200
2cc8a916-dd23-4cc8-bf42-c683b8534628,Tesla,Model 3,EV,283,42000.0,225
31fc49cb-2d09-484c-9c1f-094ed5d6e686,BMW,M3,ICE,473,75000.0,290
b71e730c-278c-4f80-9880-bb82330ef9a6,Ford,Mustang GT,ICE,450,45000.0,250
560a1b87-d2e3-4f9d-b84a-841a41e36c59,Toyota,Prius,Hybrid,121,28000.0,180
ea9f14f4-2494-45cc-99ad-0e71b83532a1,Porsche,911 Turbo,ICE,572,180000.0,320
30a3eacf-dd81-4fb5-b59a-1f89f40e370a,Nissan,Leaf,EV,147,29000.0,157
e7752270-c6c7-4308-babf-14af0c2e877d,Hyundai,Ioniq 5,EV,320,44000.0,185
4d97a38d-d829-4ee3-8d2c-5ab85b3d7828,Chevrolet,Corvette,ICE,495,65000.0,312
1de65021-457e-489c-9e5e-854e69c8c996,Toyota,RAV4,Hybrid,203,30000.0,180
477a88a8-22ae-4d77-8877-31706a5ed51e,BMW,i4,EV,335,56000.0,190
023c1672-5a02-411e-b6c0-a900a8b1566e,Ford,F-150,ICE,400,,160
78a0d256-335c-42c5-92db-8a7c0909a32b,Kia,EV6,EV,320,48000.0,192
e7bb0cee-534e-4db7-baa3-f247c04ed04e,Mazda,MX-5,ICE,181,29000.0,215
29ad15c9-48e9-4f87-a7ca-4c2dfd563caa,Toyota,Corolla,ICE,140,25000.0,180
e53f10dc-1d76-495c-b4d5-b28c00e67d44,Honda,Civic,ICE,158,27500.0,200
816a55bd-44bb-402b-9053-32157d70b8d4,Tesla,Model 3,EV,283,42000.0,225
83a75ee4-104d-4635-93f3-23bc7853a37a,BMW,M3,ICE,473,75000.0,290
41e74424-8171-4337-8d67-7127f16549a4,Ford,Mustang GT,ICE,450,45000.0,250
5bac520f-b7c9-470e-94ad-edc0e8041725,Toyota,Prius,Hybrid,121,28000.0,180
43ba124e-b138-43c7-a3aa-bd0da99b7cd5,Porsche,911 Turbo,ICE,572,180000.0,320
428f4a8c-c029-4d5c-8e20-2825f088ef4d,Nissan,Leaf,EV,147,29000.0,157
e55aa359-4181-442d-9605-3a0f6c8ff6bb,Hyundai,Ioniq 5,EV,320,44000.0,185
eaa2f6f5-492b-444a-b0bc-d2070db527f9,Chevrolet,Corvette,ICE,495,65000.0,312
15d72002-d090-4754-ac96-c31e7653b897,Toyota,RAV4,Hybrid,203,30000.0,180
e0fe60da-776f-40e2-af2a-03fbaa0e2d91,BMW,i4,EV,335,56000.0,190
0d7bfa71-0215-4107-b5d5-b3e37147035b,Ford,F-150,ICE,400,,160
d202a111-499a-4753-ae93-29f5eb2e2dda,Kia,EV6,EV,320,48000.0,192
e257ecc1-163c-41c7-8e0b-41c494ec7e3e,Mazda,MX-5,ICE,181,29000.0,215
5cab2e5f-2377-48d4-981a-6cb7ccfee96d,Toyota,Corolla,ICE,140,25000.0,180
460128fa-93a4-4b53-9f01-eae575b9e309,Honda,Civic,ICE,158,27500.0,200
e2bfa7f8-f200-42a2-8443-b29a990073b2,Tesla,Model 3,EV,283,42000.0,225
2e0f0e5b-3c1f-425d-8083-fd473e1f61b4,BMW,M3,ICE,473,75000.0,290
16f0c7bc-843c-4786-b47f-25f09fa27f1f,Ford,Mustang GT,ICE,450,45000.0,250
e1eab3f1-5917-4031-bbd2-703a0fb79aae,Toyota,Prius,Hybrid,121,28000.0,180
9db97a96-71a6-4404-be10-f28062796e8b,Porsche,911 Turbo,ICE,572,180000.0,320
638cfd77-6f7c-48d3-bdb6-269c6aa01849,Nissan,Leaf,EV,147,29000.0,157
424115f4-efc8-419b-a0f7-d78a5ab0b6e3,Hyundai,Ioniq 5,EV,320,44000.0,185
f8d11db3-564a-4ced-8f6d-2ec3d34318a6,Chevrolet,Corvette,ICE,495,65000.0,312
8791ab77-9504-4946-8a26-3fd2378da07c,Toyota,RAV4,Hybrid,203,30000.0,180
5ca3f76d-2940-4976-8c06-ce2067e8ed56,BMW,i4,EV,335,56000.0,190
9fdd4d44-dba2-481e-80eb-2e8a0c33cec9,Ford,F-150,ICE,400,,160
636afd53-f199-496f-a4a1-cf0a29dfb817,Kia,EV6,EV,320,48000.0,192
b4d1efad-c8d1-45da-8cc7-87d1ff9b0b92,Mazda,MX-5,ICE,181,29000.0,215
747f2642-ba03-4c0c-b81f-cd86b06be637,Toyota,Corolla,ICE,140,25000.0,180
a48d0bb3-7f17-4bb3-b05c-ad49e1d8dd17,Honda,Civic,ICE,158,27500.0,200
e500697e-4257-465a-92dc-ec0febbe112b,Tesla,Model 3,EV,283,42000.0,225
3c212bd4-7758-4cc7-a72c-8a629a385c9b,BMW,M3,ICE,473,75000.0,290
822e7dfa-ecb2-43e6-9104-0302143e189a,Ford,Mustang GT,ICE,450,45000.0,250
0bc821fb-e2d5-4568-96ea-97e3f1825d69,Toyota,Prius,Hybrid,121,28000.0,180
ff1700cb-22d9-42d3-b0ba-8d66bab8118a,Porsche,911 Turbo,ICE,572,180000.0,320
704f2aaf-28bf-49fa-b0d7-8d0dc9cc5e92,Nissan,Leaf,EV,147,29000.0,157
3737276d-9b92-4654-b5aa-4e75f90a3e57,Hyundai,Ioniq 5,EV,320,44000.0,185
9dc43798-97db-43d0-962b-a72ff1a96f0d,Chevrolet,Corvette,ICE,495,65000.0,312
574006a8-fc7f-4bb1-ac40-f43b7ea8e059,Toyota,RAV4,Hybrid,203,30000.0,180
764dcdd2-a12a-4275-946d-12a835ddcb43,BMW,i4,EV,335,56000.0,190
051f8e0b-863b-49e2-996f-2ddc5856428a,Ford,F-150,ICE,400,,160
73e946b9-e02a-4c62-a7cb-13dde8f9101e,Kia,EV6,EV,320,48000.0,192
05a917f5-d639-49bc-8b5e-86bcee079bf8,Mazda,MX-5,ICE,181,29000.0,215
0a274c0d-c4e7-44ab-8185-90229fe754a8,Toyota,Corolla,ICE,140,25000.0,180
ed239ae2-859d-4732-a587-40dcec291f4a,Honda,Civic,ICE,158,27500.0,200
54e139da-cc13-47b0-945b-268e6edfc67a,Tesla,Model 3,EV,283,42000.0,225
eb36d2e2-cd20-47a7-9e2c-be80355bbddd,BMW,M3,ICE,473,75000.0,290
28f05a01-80b6-4890-92cc-696b6b998d2b,Ford,Mustang GT,ICE,450,45000.0,250
71e0d95d-7a51-444e-b3bf-6e806042a378,Toyota,Prius,Hybrid,121,28000.0,180
acaa1393-1416-414d-adc5-4d8f185eaee5,Porsche,911 Turbo,ICE,572,180000.0,320
2af542fe-4a9a-4703-8021-52d2f0e98539,Nissan,Leaf,EV,147,29000.0,157
c0fbf804-d887-4898-8bdb-263b6ef0fff4,Hyundai,Ioniq 5,EV,320,44000.0,185
763e8702-c2b2-4105-8402-5a9fa6074106,Chevrolet,Corvette,ICE,495,65000.0,312
dd34dae8-b980-4b34-99ee-4ce5fae33870,Toyota,RAV4,Hybrid,203,30000.0,180
7f92e862-1039-43ed-8eac-59b1ba307b51,BMW,i4,EV,335,56000.0,190
e72acb4a-9262-496b-890e-c1b34d58a149,Ford,F-150,ICE,400,,160
a3b7a4e7-57a1-4fbe-9a50-5226d197822e,Kia,EV6,EV,320,48000.0,192
33ebe238-9051-4243-97f2-b28fc6246c7a,Mazda,MX-5,ICE,181,29000.0,215
0aa1409e-05b7-4422-99f0-c144dcc8fb37,Toyota,Corolla,ICE,140,25000.0,180
e8d05916-ebe7-4083-8395-ae4bac95e259,Honda,Civic,ICE,158,27500.0,200
8d4d2895-159a-448c-818c-e32a6631f8a4,Tesla,Model 3,EV,283,42000.0,225
3eaeaaf4-072e-45aa-953b-00475fdce32f,BMW,M3,ICE,473,75000.0,290
00b4b642-199c-41ab-a8cf-dd024651b499,Ford,Mustang GT,ICE,450,45000.0,250
278eef3d-ba6c-4536-a98e-35be3e38a42a,Toyota,Prius,Hybrid,121,28000.0,180
9bc095e3-6815-427f-9c13-1a9d814e9386,Porsche,911 Turbo,ICE,572,180000.0,320
f4a6aaad-8b87-4f2e-9b42-88f37049db57,Nissan,Leaf,EV,147,29000.0,157
f66d8bb2-a833-455c-a5b4-b74e473f44ca,Hyundai,Ioniq 5,EV,320,44000.0,185
87785eab-bd89-4639-9fda-5d8f3a9a5222,Chevrolet,Corvette,ICE,495,65000.0,312
fa049339-33c9-427f-9b3a-46e657558f12,Toyota,RAV4,Hybrid,203,30000.0,180
50f57eed-92f1-4f6b-b469-7edeb50af467,BMW,i4,EV,335,56000.0,190
85d38264-7de6-4f52-9a8a-c1fa9e774b23,Ford,F-150,ICE,400,,160
1c6c2546-8059-4c51-a625-b2ef606e4d69,Kia,EV6,EV,320,48000.0,192
07b91829-6947-4ab2-bf6c-7e5510047374,Mazda,MX-5,ICE,181,29000.0,215
2527d0a0-7ce3-4345-81ed-33e2552072dd,Toyota,Corolla,ICE,140,25000.0,180
86ce1807-d065-47a8-89e1-002e7ac09cb3,Honda,Civic,ICE,158,27500.0,200
dd257f07-1cc9-4e74-b5dd-24988ab857cc,Tesla,Model 3,EV,283,42000.0,225
13b1fa81-0c1b-4579-8826-35ef3cc0ab4c,BMW,M3,ICE,473,75000.0,290
8cf15674-0348-4d07-8589-3529d2198e87,Ford,Mustang GT,ICE,450,45000.0,250
73522337-2179-4b9e-a560-87314aec331c,Toyota,Prius,Hybrid,121,28000.0,180
acc01e9e-6a05-4fb1-b4c4-b4d7f2147fb1,Porsche,911 Turbo,ICE,572,180000.0,320
3f522dde-1322-437e-86b9-ecd48dcc51dd,Nissan,Leaf,EV,147,29000.0,157
3f993fdb-ed44-434a-9dca-99ec4601dc6d,Hyundai,Ioniq 5,EV,320,44000.0,185
b51585d0-77c2-4d77-8c7a-45d6b93274d9,Chevrolet,Corvette,ICE,495,65000.0,312
74e5a161-42d5-47cc-ad57-0197b0778659,Toyota,RAV4,Hybrid,203,30000.0,180
88aa7e1c-2884-4a91-b972-3c93d966a78c,BMW,i4,EV,335,56000.0,190
0429f92f-35ee-40ab-9b25-20df25657b45,Ford,F-150,ICE,400,,160
50c924eb-4323-4c26-829c-935ae9785fb5,Kia,EV6,EV,320,48000.0,192
450293fe-7360-410d-b4ef-b6318600d511,Mazda,MX-5,ICE,181,29000.0,215
0fbc6925-5d2d-4678-8d2c-b0b0d5a88dc0,Toyota,Corolla,ICE,140,25000.0,180
542f7c49-3e91-4fed-8e28-5aa55b18c3f5,Honda,Civic,ICE,158,27500.0,200
84c6e8bc-e706-47ac-8d52-3a0eddc4b4e6,Tesla,Model 3,EV,283,42000.0,225
2ae53dba-1b2b-4384-a85a-3d353f94518e,BMW,M3,ICE,473,75000.0,290
b86427d9-ce60-4f6d-959b-ba6d17b4368e,Ford,Mustang GT,ICE,450,45000.0,250
df5e1d1f-5bbd-4a2b-9c79-1fdc6133c7d9,Toyota,Prius,Hybrid,121,28000.0,180
186bf78b-cb7c-4dc7-9163-6a5873c86182,Porsche,911 Turbo,ICE,572,180000.0,320
7da5175d-32b5-4a9f-affc-d151d32155fd,Nissan,Leaf,EV,147,29000.0,157
c5fb24c3-a657-4a87-ac2c-19a6472b8475,Hyundai,Ioniq 5,EV,320,44000.0,185
5d04ff3f-83d7-4d75-b436-f09d7159f323,Chevrolet,Corvette,ICE,495,65000.0,312
fa02f07b-6638-4d4a-bacb-aefaa16a8c20,Toyota,RAV4,Hybrid,203,30000.0,180
4b958747-5142-4e0b-9638-38a31a380888,BMW,i4,EV,335,56000.0,190
bad119c0-5f80-4f2f-8938-f875fd6bb343,Ford,F-150,ICE,400,,160
dcda47f5-37d7-4635-a78b-6c36868c0bf8,Kia,EV6,EV,320,48000.0,192
aa60054d-49e9-41b9-b0f7-479abb7fc69f,Mazda,MX-5,ICE,181,29000.0,215
4fb72e18-911a-44d6-9726-e095d3695899,Toyota,Corolla,ICE,140,25000.0,180
d46d331b-a3f0-4417-b3cd-9d9fac009eac,Honda,Civic,ICE,158,27500.0,200
9e734348-aadb-4e94-a882-9d9bc9d0a68e,Tesla,Model 3,EV,283,42000.0,225
e69ce7a1-62f1-49fb-b34b-d933c85dc75f,BMW,M3,ICE,473,75000.0,290
bda0f41f-c359-4148-b2dd-bf0e47b6c0c4,Ford,Mustang GT,ICE,450,45000.0,250
0978a169-5e38-41eb-8ad9-cfec6bff89de,Toyota,Prius,Hybrid,121,28000.0,180
8db9b055-b9c4-4f53-bbb2-eb7e6955f02e,Porsche,911 Turbo,ICE,572,180000.0,320
e7cd78ad-fb0e-415d-97ac-56077dc4c772,Nissan,Leaf,EV,147,29000.0,157
84b0c74e-d108-44df-b59c-97ef4d6bfc2b,Hyundai,Ioniq 5,EV,320,44000.0,185
838b7ea0-9caa-48a1-a7ec-ea1c96ed7751,Chevrolet,Corvette,ICE,495,65000.0,312
36ff6b8c-2a68-4eef-b974-da7e0368f52d,Toyota,RAV4,Hybrid,203,30000.0,180
d239c0f3-ff93-482a-b5c3-e448469515bf,BMW,i4,EV,335,56000.0,190
a01cf535-a9f6-4021-83d6-8b7cbf5c97b2,Ford,F-150,ICE,400,,160
ba34f19f-75f7-44fe-b9b5-a202fd3aefb9,Kia,EV6,EV,320,48000.0,192
73919400-ed17-4381-a792-27c0af2ec4a2,Mazda,MX-5,ICE,181,29000.0,215
d9b36dc9-58b2-46f8-9b7e-4cb747fb9e3c,Toyota,Corolla,ICE,140,25000.0,180
ef02681b-1dbb-462f-acbe-b15d8dd313f7,Honda,Civic,ICE,158,27500.0,200
0c6f5c2a-ad6b-45e6-b242-33cc33d161b3,Tesla,Model 3,EV,283,42000.0,225
efa0addb-d1fe-41fe-8d69-b31ffd5ccb76,BMW,M3,ICE,473,75000.0,290
2a6d0e0c-cdf2-4253-9e39-db0100c9b0a9,Ford,Mustang GT,ICE,450,45000.0,250
f8d9ac5f-7b57-44e2-85e5-a035afd468dc,Toyota,Prius,Hybrid,121,28000.0,180
606bc141-e9a0-417b-8af5-4b6336eb7fa6,Porsche,911 Turbo,ICE,572,180000.0,320
0018b367-3192-4cba-8b11-335704a00829,Nissan,Leaf,EV,147,29000.0,157
e99969a3-0fdc-42b0-b8d8-439271464314,Hyundai,Ioniq 5,EV,320,44000.0,185
3992f4df-46c4-451c-9dcd-cadd99933e18,Chevrolet,Corvette,ICE,495,65000.0,312
9d5e56db-1c01-4d30-b7ff-40f7dd08ba36,Toyota,RAV4,Hybrid,203,30000.0,180
5619a8bd-155a-47f4-a60e-32601a328a2b,BMW,i4,EV,335,56000.0,190
cc77e986-efd2-4c17-a6b0-48f5309331f4,Ford,F-150,ICE,400,,160
01bbfe19-522c-4e42-9bc2-8cc2db71d695,Kia,EV6,EV,320,48000.0,192
3d258c03-f2d9-4ef3-992b-fd6e3d359472,Mazda,MX-5,ICE,181,29000.0,215
3a5b4b7e-33c5-48a7-af68-5e66e30265de,Toyota,Corolla,ICE,140,25000.0,180
933a1e3c-b547-4be9-bb43-0091901fa454,Honda,Civic,ICE,158,27500.0,200
0cbb05aa-1edb-4faf-912b-4069e6df261c,Tesla,Model 3,EV,283,42000.0,225
bdc1c0d9-9f97-4720-be80-395fe3442a7a,BMW,M3,ICE,473,75000.0,290
fd3f3fce-de90-494c-a930-8d43a7f8f8e9,Ford,Mustang GT,ICE,450,45000.0,250
e21a75a7-8217-4917-8344-8f6f9e593832,Toyota,Prius,Hybrid,121,28000.0,180
463b38b2-5565-46c2-9d53-708be47d561d,Porsche,911 Turbo,ICE,572,180000.0,320
42eb237e-8241-4579-8bd0-68aa1c33d363,Nissan,Leaf,EV,147,29000.0,157
bd57f7be-a190-42c2-8e69-80ecd8df0f1b,Hyundai,Ioniq 5,EV,320,44000.0,185
f0d62ce1-9692-497b-8aef-d1d0784301da,Chevrolet,Corvette,ICE,495,65000.0,312
cf644eaa-2bb1-4c9c-9a34-e5fc41efd316,Toyota,RAV4,Hybrid,203,30000.0,180
7ec3619f-d88b-4f9e-ba19-0dbe47715a94,BMW,i4,EV,335,56000.0,190
c9d221d4-e50b-4218-b4eb-e534baed5e8d,Ford,F-150,ICE,400,,160
91a1e6b2-acd1-4bcd-a284-0a40d54d8109,Kia,EV6,EV,320,48000.0,192
98d47605-0d26-4a8e-8758-1eb811b98598,Mazda,MX-5,ICE,181,29000.0,215
55826f79-c567-4dc1-a727-7f472d708039,Toyota,Corolla,ICE,140,25000.0,180
44e636b4-39b4-4127-b7aa-8011d352093c,Honda,Civic,ICE,158,27500.0,200
d84838c0-e887-4a3c-88c9-4ad5fbc102b7,Tesla,Model 3,EV,283,42000.0,225
dabc33c5-2959-4828-95c3-86103432dfa6,BMW,M3,ICE,473,75000.0,290
82bafa14-f321-4212-9b5a-f44b84a2ed77,Ford,Mustang GT,ICE,450,45000.0,250
7aaa93b7-77be-4a49-8204-0ed3a00f4d70,Toyota,Prius,Hybrid,121,28000.0,180
707a66db-9e59-41c9-b9a4-2f3561ef7916,Porsche,911 Turbo,ICE,572,180000.0,320
18efc372-5d9d-4e3e-aa12-e75b716e6c53,Nissan,Leaf,EV,147,29000.0,157
4e8ea7bf-1ae1-43ff-b07c-9b136a773136,Hyundai,Ioniq 5,EV,320,44000.0,185
d857d0d7-41a1-4163-9833-3dd1c8582bca,Chevrolet,Corvette,ICE,495,65000.0,312
e95ce4a5-88c5-4b51-b8be-90260228d3cf,Toyota,RAV4,Hybrid,203,30000.0,180
36cc5a5f-6bed-4035-8696-fc87005a4653,BMW,i4,EV,335,56000.0,190
0ebbae95-b509-4022-8302-deb08bb830c2,Ford,F-150,ICE,400,,160
6293b2c0-b589-48bd-9c8f-6cedf5700044,Kia,EV6,EV,320,48000.0,192
d81e02bf-4b1b-4fe3-bf33-7044e8320e87,Mazda,MX-5,ICE,181,29000.0,215
4d54258e-85af-4c56-8952-b0784690ac89,Toyota,Corolla,ICE,140,25000.0,180
cbae76b3-0203-44d6-b6a3-0767bf95d1f1,Honda,Civic,ICE,158,27500.0,200
e4d3b5f4-9030-4b5a-8ae7-da604c51ebd7,Tesla,Model 3,EV,283,42000.0,225
32b868e0-928a-4f77-93c4-9dbe15dcc017,BMW,M3,ICE,473,75000.0,290
86ecee92-ffd4-41df-ba56-9bea6a793be3,Ford,Mustang GT,ICE,450,45000.0,250
e0a241bd-c046-42d2-b302-25b5482afcbd,Toyota,Prius,Hybrid,121,28000.0,180
f7dac396-b614-4d35-95d5-bc07f2ef6f89,Porsche,911 Turbo,ICE,572,180000.0,320
82ce5219-6917-4ab0-a531-61e304c665a7,Nissan,Leaf,EV,147,29000.0,157
3458dfb7-a6cb-4552-97b2-839aac019977,Hyundai,Ioniq 5,EV,320,44000.0,185
0071323f-b6ea-4228-adf1-00eea048963d,Chevrolet,Corvette,ICE,495,65000.0,312
3d2f15d0-0508-46e2-9399-a3806543ecdf,Toyota,RAV4,Hybrid,203,30000.0,180
bb67b20c-f3e2-4fd6-a6a5-0911252f7bf5,BMW,i4,EV,335,56000.0,190
1bb8aa32-513c-408c-94b7-b63e05a67fa4,Ford,F-150,ICE,400,,160
83f08c57-6146-4127-86ba-6e57eec0f8fa,Kia,EV6,EV,320,48000.0,192
d6fd64c9-b2d5-4598-baf7-db5c62bd6ca2,Mazda,MX-5,ICE,181,29000.0,215
02a13c1b-e7c5-4f44-8f0b-0200395c8afa,Toyota,Corolla,ICE,140,25000.0,180
4ab1c934-202a-4827-bc84-bb6b9551b95e,Honda,Civic,ICE,158,27500.0,200
0f343abc-8c71-4a72-a5af-80c2768e17cc,Tesla,Model 3,EV,283,42000.0,225
37d9c3a1-b61d-440f-80de-408535a3268b,BMW,M3,ICE,473,75000.0,290
6cddf099-56b6-42c9-a487-8d385ee5f603,Ford,Mustang GT,ICE,450,45000.0,250
f680cb9f-226b-4530-9905-9a3f0bd11d2d,Toyota,Prius,Hybrid,121,28000.0,180
2ff84b52-e763-4b81-9d5c-72f257c0df1e,Porsche,911 Turbo,ICE,572,180000.0,320
adbfaac1-4738-40e8-b85e-68f1feeaa8c3,Nissan,Leaf,EV,147,29000.0,157
f11e6c67-dbdb-4049-8277-02ba941eb0c6,Hyundai,Ioniq 5,EV,320,44000.0,185
6ebe2b51-e301-4c0f-a58e-f2a5a1a76b94,Chevrolet,Corvette,ICE,495,65000.0,312
05b63145-0ac6-4bab-b5db-1de886ad9006,Toyota,RAV4,Hybrid,203,30000.0,180
c71fc432-320a-4f5f-9a0e-689ba3633184,BMW,i4,EV,335,56000.0,190
a8b7c1e8-ac64-4f76-bf72-9f339750b54f,Ford,F-150,ICE,400,,160
f34b20c3-dc0d-49a2-bf70-54960ebc7a87,Kia,EV6,EV,320,48000.0,192
44f76ad7-0c46-4a15-b697-6ef5f328b8eb,Mazda,MX-5,ICE,181,29000.0,215
cf4cb3e1-edac-45c9-aeed-27daf8b69c8a,Toyota,Corolla,ICE,140,25000.0,180
bd067360-de83-4a3c-b30f-9425a37f6904,Honda,Civic,ICE,158,27500.0,200
eacd1c0b-1f18-4108-85bc-1c6c1ba500c1,Tesla,Model 3,EV,283,42000.0,225
1e152f45-060f-47f3-990b-c4ab0201ce37,BMW,M3,ICE,473,75000.0,290
8ed080ad-59b6-4d1c-b4bf-1d3085ec2d37,Ford,Mustang GT,ICE,450,45000.0,250
9bef4439-f91a-45d9-be46-45faba0b8b8c,Toyota,Prius,Hybrid,121,28000.0,180
599e8a62-e75b-47b1-a2a3-093407898163,Porsche,911 Turbo,ICE,572,180000.0,320
dce21fad-95ab-4164-b370-6f2f1558f1e5,Nissan,Leaf,EV,147,29000.0,157
91cc4003-0fed-4d20-b7b3-2b00437a8dce,Hyundai,Ioniq 5,EV,320,44000.0,185
c7571905-59ee-4606-9885-9ebf668f2817,Chevrolet,Corvette,ICE,495,65000.0,312
68f85640-90d8-42b0-a3cf-f55e341ee04f,Toyota,RAV4,Hybrid,203,30000.0,180
d0226474-2ace-4246-8082-bc32f7e4974b,BMW,i4,EV,335,56000.0,190
31944b38-9f5b-4c18-8460-c67fd429ae1a,Ford,F-150,ICE,400,,160
2e155d7d-2c94-465d-a9a6-75bc33d877e5,Kia,EV6,EV,320,48000.0,192
ae6d76e2-7e02-4f1f-9d28-d4136c6ff868,Mazda,MX-5,ICE,181,29000.0,215
a8acdc51-cfe2-409a-ac4f-9391645e1aab,Toyota,Corolla,ICE,140,25000.0,180
65a94df8-bfca-4109-aa5a-7084d15719fe,Honda,Civic,ICE,158,27500.0,200
cbaf02ae-0ad5-4956-a638-8415274f7323,Tesla,Model 3,EV,283,42000.0,225
f1640531-0218-4148-a78f-4ce1122e6c17,BMW,M3,ICE,473,75000.0,290
1db4a51d-1c5a-4f6b-a8cc-a6e20f977fc8,Ford,Mustang GT,ICE,450,45000.0,250
67ee74c7-8460-41f0-bee6-ede415deeabe,Toyota,Prius,Hybrid,121,28000.0,180
1c01bc82-33e0-4830-af44-1d017da1905e,Porsche,911 Turbo,ICE,572,180000.0,320
8bee6be3-5587-473a-a7a8-b357d95ad3a4,Nissan,Leaf,EV,147,29000.0,157
1cbf81c4-5c20-4aa7-b22b-8191eff10dd5,Hyundai,Ioniq 5,EV,320,44000.0,185
b5428563-7e5e-43eb-83c9-2cabb3c07df6,Chevrolet,Corvette,ICE,495,65000.0,312
93a9749b-8ce3-4515-90da-819e3a74ecde,Toyota,RAV4,Hybrid,203,30000.0,180
8462de87-082f-4394-9d5e-f1e92aaa1a93,BMW,i4,EV,335,56000.0,190
b91ea58c-e979-4722-88fd-cb739eff2c7e,Ford,F-150,ICE,400,,160
3927b9b4-7e81-4b7a-9ca8-3f799b19fcfa,Kia,EV6,EV,320,48000.0,192
bfb1e904-7737-42e4-b0e3-add2bc0b71ca,Mazda,MX-5,ICE,181,29000.0,215
51426204-6b12-4fd7-adb6-a6ed6fc4b581,Toyota,Corolla,ICE,140,25000.0,180
b4a0cd79-dece-4dd6-a5e6-64636b511c9e,Honda,Civic,ICE,158,27500.0,200
cd467f18-99a7-49a9-915c-33af5be9e6d8,Tesla,Model 3,EV,283,42000.0,225
eb6cc314-3ec9-42c2-910d-99ea826aa812,BMW,M3,ICE,473,75000.0,290
840ecdac-55e7-48cd-b326-5ffed98b17cf,Ford,Mustang GT,ICE,450,45000.0,250
7cfe9de7-9c02-456e-9974-652d60d6c510,Toyota,Prius,Hybrid,121,28000.0,180
de484d25-f07c-42a5-b95e-a768f65f9aa6,Porsche,911 Turbo,ICE,572,180000.0,320
af26df2a-9a92-4e8b-b1da-04d654225b7b,Nissan,Leaf,EV,147,29000.0,157
4deeb2c7-f82d-4321-9f18-cee77e97168a,Hyundai,Ioniq 5,EV,320,44000.0,185
1c1b2179-9621-440a-bb85-2ff40ca3ce90,Chevrolet,Corvette,ICE,495,65000.0,312
ff517985-40ac-40b1-b0b5-7e525bbe08a9,Toyota,RAV4,Hybrid,203,30000.0,180
704d6856-697b-4e26-b248-30c8cf1ea83e,BMW,i4,EV,335,56000.0,190
e723f57c-ac0f-419a-a131-9d172a3c39c8,Ford,F-150,ICE,400,,160
0c59d789-9987-4fa6-834b-b87061c4ba07,Kia,EV6,EV,320,48000.0,192
b3e79e21-db18-4a09-9e13-11b97d03bfc3,Mazda,MX-5,ICE,181,29000.0,215
8b874b19-fc58-411b-8d32-646b0037a02c,Toyota,Corolla,ICE,140,25000.0,180
a0e1875b-6923-4421-98b7-e608ca9a03df,Honda,Civic,ICE,158,27500.0,200
eb894d70-9a5d-43ef-8996-a47b233354df,Tesla,Model 3,EV,283,42000.0,225
535c915b-331f-4ff8-91bd-eb3141c73b12,BMW,M3,ICE,473,75000.0,290
bc20c88b-1698-47a2-8771-b4ab8272c7fa,Ford,Mustang GT,ICE,450,45000.0,250
86a7a3df-71c9-4c8b-a409-e362561312c8,Toyota,Prius,Hybrid,121,28000.0,180
63c518f1-048f-4818-a56f-f62ef6205011,Porsche,911 Turbo,ICE,572,180000.0,320
88d78040-e7c3-457c-aaac-6ef93374b867,Nissan,Leaf,EV,147,29000.0,157
c6b12b7c-9ad1-4221-8c4d-b0451e2216df,Hyundai,Ioniq 5,EV,320,44000.0,185
0e62d6ed-b88c-4be1-af49-611199dfa150,Chevrolet,Corvette,ICE,495,65000.0,312
1edd8754-8a90-4868-90cf-23432054794f,Toyota,RAV4,Hybrid,203,30000.0,180
404f56be-2195-4f6c-9bae-a6047aa7f4cf,BMW,i4,EV,335,56000.0,190
f46a89c1-c5b4-4c33-b5d8-b5e131a79b3c,Ford,F-150,ICE,400,,160
dda9e1ab-68d8-4ab9-9c7e-ee7e9b2e28ac,Kia,EV6,EV,320,48000.0,192
c71a9db1-864b-40d5-8443-4ca7ec5a8211,Mazda,MX-5,ICE,181,29000.0,215
84b1e993-708b-4a50-a15c-545aa952ef62,Toyota,Corolla,ICE,140,25000.0,180
e76f18bb-ba1d-404d-b9f0-b4b3ac2824ce,Honda,Civic,ICE,158,27500.0,200
5b04ff53-6eb1-4646-9e57-c0ce728f2eae,Tesla,Model 3,EV,283,42000.0,225
02aed3e1-a71e-4911-b0e2-bb2edc4a10f6,BMW,M3,ICE,473,75000.0,290
a653215a-72eb-448f-b661-6c86e9254555,Ford,Mustang GT,ICE,450,45000.0,250
66ef953f-df09-499c-9efa-006a153dc5a4,Toyota,Prius,Hybrid,121,28000.0,180
12ba4336-d8d2-49ca-8caf-ff49c20ef124,Porsche,911 Turbo,ICE,572,180000.0,320
76843b25-42a4-4026-9f7d-a64715745a6e,Nissan,Leaf,EV,147,29000.0,157
261a1490-9f5e-4cd9-8ed8-4f4d8739a7fa,Hyundai,Ioniq 5,EV,320,44000.0,185
53d31332-0291-470c-93bf-c10bbf571d61,Chevrolet,Corvette,ICE,495,65000.0,312
e29af9f9-758a-4f90-91d7-1666cf7f490b,Toyota,RAV4,Hybrid,203,30000.0,180
787ad667-30df-4c95-810a-30168de46371,BMW,i4,EV,335,56000.0,190
05e6df0b-95f4-46c4-950b-1f02d36d06f0,Ford,F-150,ICE,400,,160
81d3fde3-75c7-4c3b-954d-f4294ca18877,Kia,EV6,EV,320,48000.0,192
e4113877-50cb-4ff8-b786-90126ea185b5,Mazda,MX-5,ICE,181,29000.0,215
0e8c3596-b39f-4888-b0e0-e12f5de248da,Toyota,Corolla,ICE,140,25000.0,180
07079ab8-5230-4684-8a42-edbb2f5ed1e6,Honda,Civic,ICE,158,27500.0,200
4b8d378b-2bf5-48da-9281-951d33bc1b15,Tesla,Model 3,EV,283,42000.0,225
07ca6e24-01d1-4470-adbb-187ae857e15b,BMW,M3,ICE,473,75000.0,290
538fc7f2-e36a-411e-86bb-155c449aa1b5,Ford,Mustang GT,ICE,450,45000.0,250
57c4798e-ac76-4c9d-bce0-4ddd04016377,Toyota,Prius,Hybrid,121,28000.0,180
03eaee02-dce6-4b1c-a4a4-6f942a66d0f4,Porsche,911 Turbo,ICE,572,180000.0,320
7fea0034-d222-4d74-912d-8f7dd5fa4a4c,Nissan,Leaf,EV,147,29000.0,157
25a9bd3a-6648-40c4-9b77-ec1c5deebd8d,Hyundai,Ioniq 5,EV,320,44000.0,185
88289e2e-86f5-4a45-a696-5e4332949829,Chevrolet,Corvette,ICE,495,65000.0,312
4d1ae873-a030-462a-84dd-8a14464e8d76,Toyota,RAV4,Hybrid,203,30000.0,180
75651b4d-0f74-4f18-a853-ee7fec14a197,BMW,i4,EV,335,56000.0,190
ceb3e71e-b18a-4ad6-ba32-bd16844676d2,Ford,F-150,ICE,400,,160
88519bd8-7b1b-45bf-9960-e184a649de7d,Kia,EV6,EV,320,48000.0,192
ba957bc8-adc5-4fab-9b6b-850a84272f62,Mazda,MX-5,ICE,181,29000.0,215
2351e884-9e37-4b63-aa56-ae6ad32b9984,Toyota,Corolla,ICE,140,25000.0,180
93336879-da4d-4272-936d-f5c59608e3e2,Honda,Civic,ICE,158,27500.0,200
33bcaa9d-a1ae-4637-926f-0a9c079342ea,Tesla,Model 3,EV,283,42000.0,225
8fc45562-da53-4919-a79c-1308890c1ca2,BMW,M3,ICE,473,75000.0,290
dcc70302-bdeb-49a3-b1af-6bc0b236614d,Ford,Mustang GT,ICE,450,45000.0,250
033fb2d2-3fca-4595-8f48-425a5af324f5,Toyota,Prius,Hybrid,121,28000.0,180
17c5b05e-7d4a-407c-8648-964dd86d0bfc,Porsche,911 Turbo,ICE,572,180000.0,320
940de9ea-d66b-4fa7-94e0-847a36e2f8a0,Nissan,Leaf,EV,147,29000.0,157
076a3bef-99a8-4af5-bc4c-67edbf6dc868,Hyundai,Ioniq 5,EV,320,44000.0,185
8e613a79-ba11-4db5-be54-0f3a466fe6a9,Chevrolet,Corvette,ICE,495,65000.0,312
a27fad07-8c40-440e-93a6-1217625d8af6,Toyota,RAV4,Hybrid,203,30000.0,180
a4120787-710f-453e-b116-87760bbaa26e,BMW,i4,EV,335,56000.0,190
c1d11f4e-cc8c-47e3-9da9-3d22d76720f9,Ford,F-150,ICE,400,,160
9baab2fb-f788-452f-a005-a5111bad530d,Kia,EV6,EV,320,48000.0,192
d933a1a6-7720-4598-8552-fad7d7764f42,Mazda,MX-5,ICE,181,29000.0,215
4e662935-15aa-43a4-9125-36cfad98eedb,Toyota,Corolla,ICE,140,25000.0,180
fc16211b-bf29-4b58-b42b-906210d4f1e9,Honda,Civic,ICE,158,27500.0,200
09d4058a-41d9-4bdf-9ae9-4da991491052,Tesla,Model 3,EV,283,42000.0,225
dc78a101-86d9-4a14-b8d5-3663d8c232c7,BMW,M3,ICE,473,75000.0,290
4de72978-330c-47a0-8932-55396bd5fbd6,Ford,Mustang GT,ICE,450,45000.0,250
ce5b42a0-9e0d-442e-81ce-016631607f4d,Toyota,Prius,Hybrid,121,28000.0,180
28f8b173-8ab0-4b98-8678-ce6786436d50,Porsche,911 Turbo,ICE,572,180000.0,320
a8573884-805f-4116-a20e-b9e5b4f70513,Nissan,Leaf,EV,147,29000.0,157
f036d668-691e-4302-b896-20df11cba97a,Hyundai,Ioniq 5,EV,320,44000.0,185
81f1ff35-bf6f-4efb-923c-77a8bbd7f6e7,Chevrolet,Corvette,ICE,495,65000.0,312
99c00987-977c-42ad-8d8a-72eab28420e0,Toyota,RAV4,Hybrid,203,30000.0,180
a6017ecd-4d22-41c5-b398-dbf5b69379b3,BMW,i4,EV,335,56000.0,190
74689c47-dad9-4b20-97c2-73f16f00a1dd,Ford,F-150,ICE,400,,160
7f1e835e-dd99-4f0b-8aed-a6ad4f010bd9,Kia,EV6,EV,320,48000.0,192
9b7ee67f-3a03-4068-b486-ba46255dbdfe,Mazda,MX-5,ICE,181,29000.0,215
0ad94e79-8a55-4059-884e-233cc88985b7,Toyota,Corolla,ICE,140,25000.0,180
21a6e235-67b1-4f7f-b8fe-a001ef7296f7,Honda,Civic,ICE,158,27500.0,200
3fbf21a3-4ad6-438c-9f2a-48d5d279d4b3,Tesla,Model 3,EV,283,42000.0,225
1fd5afc1-622d-4358-a871-a8eac82edc1e,BMW,M3,ICE,473,75000.0,290
99effc89-1793-429a-9b29-d03c8167738a,Ford,Mustang GT,ICE,450,45000.0,250
a601a00a-4220-4a2e-9bd8-07df01ded3a7,Toyota,Prius,Hybrid,121,28000.0,180
51be31d0-b684-4f4c-a6d3-3d5653682521,Porsche,911 Turbo,ICE,572,180000.0,320
b9eea3bb-1ecb-49e7-960a-15e9740d1d92,Nissan,Leaf,EV,147,29000.0,157
7626ad43-3760-46c2-82dd-fa529fd74876,Hyundai,Ioniq 5,EV,320,44000.0,185
c8bf1760-b9e6-4c56-847b-8bd19063ba59,Chevrolet,Corvette,ICE,495,65000.0,312
7e11ccab-1296-4b0f-80a4-1659bd49ba90,Toyota,RAV4,Hybrid,203,30000.0,180
5860652e-82da-45f9-a6f8-1e58bd3ca3a7,BMW,i4,EV,335,56000.0,190
0ceab2e6-ea9a-4a7d-a132-e150146eda08,Ford,F-150,ICE,400,,160
d55a6230-2d7e-43b4-932c-17472e1006e5,Kia,EV6,EV,320,48000.0,192
95c6b628-e59c-4380-b2c1-418c5b2cbf40,Mazda,MX-5,ICE,181,29000.0,215
e3e485aa-bc9a-404f-a777-92878fa6c42f,Toyota,Corolla,ICE,140,25000.0,180
7b3be197-df92-47d7-9dca-da8087da2f6c,Honda,Civic,ICE,158,27500.0,200
7c31c8b7-4120-4b4a-9334-777c26dbbe44,Tesla,Model 3,EV,283,42000.0,225
415e2884-f968-480b-9a0e-cef7de4985f6,BMW,M3,ICE,473,75000.0,290
9ad3e06c-f89d-4c1d-b398-d530905778ae,Ford,Mustang GT,ICE,450,45000.0,250
08264749-1c44-4308-b51c-dfbffeabf20d,Toyota,Prius,Hybrid,121,28000.0,180
47a0d066-4049-43d1-bfc6-1a9bcedb465e,Porsche,911 Turbo,ICE,572,180000.0,320
6efc5c23-6954-420a-bd3f-5ee3f5ebe4d7,Nissan,Leaf,EV,147,29000.0,157
082a20b4-f80c-457e-be2f-67fba6e81fef,Hyundai,Ioniq 5,EV,320,44000.0,185
30c5e810-8dbb-4fd5-bc88-e9ae212044c2,Chevrolet,Corvette,ICE,495,65000.0,312
21f6dc28-0f84-421c-b138-0dbca81f480f,Toyota,RAV4,Hybrid,203,30000.0,180
5d037589-5617-4940-a5dd-091ce313256a,BMW,i4,EV,335,56000.0,190
358b98b6-ecd2-4ffc-b9f1-498c74ade2be,Ford,F-150,ICE,400,,160
104df68e-7d02-4560-b333-31269900add0,Kia,EV6,EV,320,48000.0,192
e58d88e2-e4e7-4120-8508-606b8c59bd66,Mazda,MX-5,ICE,181,29000.0,215
ae3d7100-31d8-4243-ae96-507f0d7706f4,Toyota,Corolla,ICE,140,25000.0,180
2f374642-af6a-4621-94e1-40a4fc04ad96,Honda,Civic,ICE,158,27500.0,200
9ff84f07-8f9a-4c19-bb64-0b8d75bbff67,Tesla,Model 3,EV,283,42000.0,225
2119a85d-99e8-41bd-a7de-c6c19cc3005d,BMW,M3,ICE,473,75000.0,290
a9ffeaff-5aff-4209-862f-645876265479,Ford,Mustang GT,ICE,450,45000.0,250
f69cd1bb-13f6-4c79-b5ae-dd5d58afc455,Toyota,Prius,Hybrid,121,28000.0,180
82c1dd4e-19e2-4ecc-95ce-63e08ba6c308,Porsche,911 Turbo,ICE,572,180000.0,320
4d45b6d6-e7a5-4874-9540-b24e615eea4f,Nissan,Leaf,EV,147,29000.0,157
eb222447-e182-4111-b0c7-54862daee6e2,Hyundai,Ioniq 5,EV,320,44000.0,185
1c31f1a9-b58f-4caf-96b0-2df4bb6951dd,Chevrolet,Corvette,ICE,495,65000.0,312
7c21d5ac-47dc-4c56-af70-fdb7315b0ee7,Toyota,Corolla,ICE,140,25000.0,180
06995d9e-ea77-4174-9d83-7160db11cfa0,Honda,Civic,ICE,158,27500.0,200
db4dc163-9609-4756-832e-903af14a582b,Tesla,Model 3,EV,283,42000.0,225
1d49b8bb-bf28-47d1-b970-61550cc7faa9,BMW,M3,ICE,473,75000.0,290
f0c77a24-f902-4ba7-8ec6-2f15b29d23eb,Ford,Mustang GT,ICE,450,45000.0,250
ff960b59-2367-415e-8363-8020b67d779c,Toyota,Prius,Hybrid,121,28000.0,180
5fae457f-81ab-4193-a8e5-c2226c15b574,Porsche,911 Turbo,ICE,572,180000.0,320
94abf00e-e7c5-4630-9b59-786514a06a51,Nissan,Leaf,EV,147,29000.0,157
59cb4b96-3013-43d2-9f40-9fd3333189d3,Hyundai,Ioniq 5,EV,320,44000.0,185
3e1cfc59-fbf0-43f2-a298-61a06a9142fb,Chevrolet,Corvette,ICE,495,65000.0,312
7ab46b1e-52d0-4baf-b745-4683ce7114f6,Toyota,Corolla,ICE,140,25000.0,180
01b0340b-6bc6-453f-b49d-32a5f16d7bb2,Honda,Civic,ICE,158,27500.0,200
0c50254c-d859-4b76-85ae-52404831f588,Tesla,Model 3,EV,283,42000.0,225
eaa067d6-00e4-419b-83df-63152c76f7f8,BMW,M3,ICE,473,75000.0,290
f0d96c1c-1b36-412b-8f12-16e5a3cc97d9,Ford,Mustang GT,ICE,450,45000.0,250
a556fe66-d407-4bb0-b295-db6a234ad5ca,Toyota,Prius,Hybrid,121,28000.0,180
9838ad90-379f-4a8b-8311-e34c0b669ba4,Porsche,911 Turbo,ICE,572,180000.0,320
8cec8c70-33aa-482d-bc85-291659ef908c,Nissan,Leaf,EV,147,29000.0,157
75f015ae-b787-4e9f-a0e0-8fb5096ad562,Hyundai,Ioniq 5,EV,320,44000.0,185
ecba55c9-a3fe-47f1-aa65-3285caa765f7,Chevrolet,Corvette,ICE,495,65000.0,312
9a118e53-15fe-4324-aa42-cc5b142337f6,Toyota,RAV4,Hybrid,203,30000.0,180
f5136d71-5dbe-4c10-9be2-2122ac0d4866,BMW,i4,EV,335,56000.0,190
f0ff2826-83c1-4550-912a-63542ade6c51,Ford,F-150,ICE,400,,160
513aa5fe-f764-465d-a77d-99e31476935f,Kia,EV6,EV,320,48000.0,192
32376ac5-badb-4dce-b2ec-fec9c8c6111a,Mazda,MX-5,ICE,181,29000.0,215
65462359-efec-4334-85ce-e52b7f84fc0a,Toyota,Corolla,ICE,140,25000.0,180
874e79f7-8e87-420d-ac03-a1c90ff1156d,Honda,Civic,ICE,158,27500.0,200
50d88a3a-7b09-4153-88b1-1d9289c0c08f,Tesla,Model 3,EV,283,42000.0,225
6c68d549-0bd5-4fe4-84af-6215cab2765a,BMW,M3,ICE,473,75000.0,290
a81e76a1-c85d-4096-8653-4d1802da4f7e,Ford,Mustang GT,ICE,450,45000.0,250
e10e73d8-9efd-45de-8206-18ae3f3e9489,Toyota,Prius,Hybrid,121,28000.0,180
19bdaa64-5f5f-4e17-8a8e-f4d8326644bb,Porsche,911 Turbo,ICE,572,180000.0,320
297b1e37-58ad-4c35-bf91-cf0d4873c1b7,Nissan,Leaf,EV,147,29000.0,157
3050bf11-d4a7-4507-8148-965e4ce7f470,Hyundai,Ioniq 5,EV,320,44000.0,185
58a9d171-f731-49b0-87b7-a4a887c7f23d,Chevrolet,Corvette,ICE,495,65000.0,312
26914103-ae73-4143-afce-dbd859fcff21,Toyota,RAV4,Hybrid,203,30000.0,180
2d50ff53-e860-4e79-ac50-72ddbc374fd3,BMW,i4,EV,335,56000.0,190
66ed7a5a-ca85-4854-8170-822318eae4ef,Ford,F-150,ICE,400,,160
a2f20763-25be-436f-983f-ed9dc5c5c43e,Kia,EV6,EV,320,48000.0,192
2eeaf3ee-5ad5-483a-9be7-79718bc92e4b,Mazda,MX-5,ICE,181,29000.0,215
812eb2e0-6495-475b-9312-04af4b28e72b,Toyota,Corolla,ICE,140,25000.0,180
959471f1-9405-4a12-abc4-61bc1dd900f9,Honda,Civic,ICE,158,27500.0,200
75997bd0-c360-47a7-9b98-021a322528ce,Tesla,Model 3,EV,283,42000.0,225
25ea2073-4079-4726-8911-97ca9081f855,BMW,M3,ICE,473,75000.0,290
8f0c8119-21a2-4d19-8134-ff2532a529a7,Ford,Mustang GT,ICE,450,45000.0,250
558e6881-8376-4b05-bc23-5ee94902a22d,Toyota,Prius,Hybrid,121,28000.0,180
adfff6be-a498-4b18-8575-f21b638e7126,Porsche,911 Turbo,ICE,572,180000.0,320
c762699f-667a-467c-8397-a4338d285275,Nissan,Leaf,EV,147,29000.0,157
6d8f0c47-bdac-4a5d-9615-0fb61447351f,Hyundai,Ioniq 5,EV,320,44000.0,185
33bdfb51-ebd1-4011-9630-bbce5e2af7a9,Chevrolet,Corvette,ICE,495,65000.0,312
ef0c32b1-5e97-4802-b50e-008eb2fab943,Toyota,Corolla,ICE,140,25000.0,180
1afbcf5b-9f6e-4371-b88a-cb939ee25d22,Honda,Civic,ICE,158,27500.0,200
f325a8db-3b32-4874-b49d-53395a19cbe1,Tesla,Model 3,EV,283,42000.0,225
97544c37-e411-42d3-aba4-3d351ca1a536,BMW,M3,ICE,473,75000.0,290
acb99056-2cf7-4093-92c0-c14c19cfbc6a,Ford,Mustang GT,ICE,450,45000.0,250
160a233a-07ca-40ed-afd8-f208d4b96a94,Toyota,Prius,Hybrid,121,28000.0,180
47286565-d4a4-48ac-9a18-0c0143bf3ac3,Porsche,911 Turbo,ICE,572,180000.0,320
6e72e933-40b9-40d7-8f68-4bb8344ab5d0,Nissan,Leaf,EV,147,29000.0,157
92ccc3cc-e34c-4161-9bba-e20b6cea6d8a,Hyundai,Ioniq 5,EV,320,44000.0,185
de8763a8-6289-41e4-ba6a-e3580cedcd35,Chevrolet,Corvette,ICE,495,65000.0,312
9390a50d-078a-48c8-acf8-76c9888cf108,Toyota,Prius,Hybrid,121,28000.0,180
a5673c60-d549-4993-8eb4-a7d8fc16cd67,Porsche,911 Turbo,ICE,572,180000.0,320
4116916c-7c60-467a-bfbf-bb5da6dc15d6,Nissan,Leaf,EV,147,29000.0,157
f30f479e-e6ed-43d1-92be-f674d8351632,Hyundai,Ioniq 5,EV,320,44000.0,185
8ad0127d-c628-4d0e-b84d-ea5320abbf67,Chevrolet,Corvette,ICE,495,65000.0,312
0cae044f-5a2d-412e-a06b-66dca79d6733,Toyota,RAV4,Hybrid,203,30000.0,180
c5cd4c06-4039-4cf3-8fe0-2d2f3a24d5da,BMW,i4,EV,335,56000.0,190
486dbdd5-0b06-4f43-b594-20aa95659a11,Ford,F-150,ICE,400,,160
b2455156-9a33-4c05-b5e1-4ef13487447c,Kia,EV6,EV,320,48000.0,192
0d112eef-dcc2-486f-895d-00fe8ed286cf,Mazda,MX-5,ICE,181,29000.0,215
cc6fcb7b-c843-4f92-9531-755a7492ef9c,Toyota,Corolla,ICE,140,25000.0,180
f1ec5202-6a49-4249-a3e0-847094357e9c,Honda,Civic,ICE,158,27500.0,200
6a8ae005-0510-49c8-a876-027a77440fac,Tesla,Model 3,EV,283,42000.0,225
c2314857-01f8-4003-8372-a537cd39df58,BMW,M3,ICE,473,75000.0,290
5ce7ed77-f18e-48c9-903d-00d27e99aecd,Ford,Mustang GT,ICE,450,45000.0,250
b8df7dee-26a8-449d-8e40-97a761face58,Toyota,Prius,Hybrid,121,28000.0,180
30a1e8ff-9b3d-4c14-9395-e3edcd6db960,Porsche,911 Turbo,ICE,572,180000.0,320
7af67bec-abfa-459d-9378-1a221e551734,Nissan,Leaf,EV,147,29000.0,157
32f3f52c-8c34-477b-8476-c13de5800d8a,Hyundai,Ioniq 5,EV,320,44000.0,185
daa00a45-4e21-4e53-862b-ad18a2d97993,Chevrolet,Corvette,ICE,495,65000.0,312
da6ce9a0-46b1-407d-a8ce-e0e519429e1d,Toyota,Prius,Hybrid,121,28000.0,180
51dfec3b-6e49-44b6-bf02-0f1a807da68d,Porsche,911 Turbo,ICE,572,180000.0,320
778858b0-14e4-4d32-9edb-68038004d0d4,Nissan,Leaf,EV,147,29000.0,157
8e815abf-dea9-4d4f-ace0-8a49d4a8796d,Hyundai,Ioniq 5,EV,320,44000.0,185
a9a6222a-1748-414a-8138-24327a5c78c9,Chevrolet,Corvette,ICE,495,65000.0,312
4b4ba64a-815c-4525-b225-19d243c81722,Toyota,RAV4,Hybrid,203,30000.0,180
59857d3f-2c48-407e-8ffd-aecb8fa26133,BMW,i4,EV,335,56000.0,190
ac8e9db5-1dd8-4d3a-b089-dc4b9561e02a,Ford,F-150,ICE,400,,160
2410c040-4675-48cb-a3e8-290c8bf08a77,Kia,EV6,EV,320,48000.0,192
bc160b72-9d7b-414c-b9f8-b217400f61e1,Mazda,MX-5,ICE,181,29000.0,215
1f7230fe-ccf9-4632-8175-abf4ad489360,Toyota,Corolla,ICE,140,25000.0,180
c894a5f1-b6cb-487d-98d0-d6735178d548,Honda,Civic,ICE,158,27500.0,200
85db9b58-6ed9-4250-a9ec-da87d4b05183,Tesla,Model 3,EV,283,42000.0,225
4c7b4b36-4ba5-407a-a6a6-969b0f6e9f3b,BMW,M3,ICE,473,75000.0,290
29f9c0af-c89f-4d37-982c-a6770233e4c3,Ford,Mustang GT,ICE,450,45000.0,250
bc1eb52c-4671-430a-9e85-313aa595fb35,Toyota,Prius,Hybrid,121,28000.0,180
1178bf8e-a99c-4883-81e7-6c2b528ab752,Porsche,911 Turbo,ICE,572,180000.0,320
69b63b1d-df8c-4028-8561-26a81b720aee,Nissan,Leaf,EV,147,29000.0,157
ae4f9dc1-93bc-44e3-b155-f6ade252ea66,Hyundai,Ioniq 5,EV,320,44000.0,185
7e454c69-fbed-40ea-b5c0-6e795b85c4a5,Chevrolet,Corvette,ICE,495,65000.0,312
67da62ba-87b5-4878-b3b9-9ea971659bb6,Toyota,Prius,Hybrid,121,28000.0,180
66d5542a-736c-4e90-bd80-cded377f9f38,Porsche,911 Turbo,ICE,572,180000.0,320
ed2d00ca-9778-41c6-a4f0-f08360ccbe51,Nissan,Leaf,EV,147,29000.0,157
42c778ba-0c0a-4c97-a5b8-1d71b205b4d9,Hyundai,Ioniq 5,EV,320,44000.0,185
eee787aa-1b58-4d5a-accf-3d47e56d7eb1,Chevrolet,Corvette,ICE,495,65000.0,312
cc89f235-5c89-43f3-acf5-c367a0a26c0e,Toyota,Prius,Hybrid,121,28000.0,180
19ac240d-917b-422d-a269-4c17df981617,Porsche,911 Turbo,ICE,572,180000.0,320
46882172-6f84-4903-885f-8885846a6139,Nissan,Leaf,EV,147,29000.0,157
796359f9-7de9-46a1-8f88-3d45024239e8,Hyundai,Ioniq 5,EV,320,44000.0,185
8379ef82-4d6f-4f7a-951a-4374373cffd5,Chevrolet,Corvette,ICE,495,65000.0,312
1abd2284-0d84-4d91-8f3e-0efb337f57cb,Toyota,Corolla,ICE,140,25000.0,180
e5a131d8-5180-4b6c-9b1a-ed0dcbde129e,Honda,Civic,ICE,158,27500.0,200
1eeee41e-5bb7-4d92-b633-6a334c349e23,Tesla,Model 3,EV,283,42000.0,225
4721053c-47ef-4b55-ac99-ceef7094426f,BMW,M3,ICE,473,75000.0,290
0d329259-8513-4977-922b-c51d07ae55ea,Ford,Mustang GT,ICE,450,45000.0,250
bdba47c6-e438-43d8-8330-b9c3fbbf83ef,Toyota,Prius,Hybrid,121,28000.0,180
e194cd24-70a4-44ee-af69-48843bda4e42,Porsche,911 Turbo,ICE,572,180000.0,320
ecc89690-0ca6-4120-a907-464f50afed11,Nissan,Leaf,EV,147,29000.0,157
f136270b-dbe8-4d14-8bb2-b4a79be49aca,Hyundai,Ioniq 5,EV,320,44000.0,185
08339551-fabc-4915-bf08-2a2c7b53d3e0,Chevrolet,Corvette,ICE,495,65000.0,312
cdd08fb5-4fc1-4aa5-a27d-bd6937861491,Toyota,Corolla,ICE,140,25000.0,180
76a19cb3-31f1-4427-a160-810f85054326,Honda,Civic,ICE,158,27500.0,200
f8b78784-829f-4254-8195-cf6f273c0e7d,Tesla,Model 3,EV,283,42000.0,225
be0f1d0b-ed49-4e25-832a-0d7ed7fa5c4a,BMW,M3,ICE,473,75000.0,290
1e7030a8-adeb-4e1b-862c-bf1f81020836,Ford,Mustang GT,ICE,450,45000.0,250
e6d3463d-1129-4282-b1a5-88ce7466ea5f,Toyota,RAV4,Hybrid,203,30000.0,180
5ad7f8d6-ca60-462e-a4d8-603a88a51148,BMW,i4,EV,335,56000.0,190
6d7afa29-45f2-440c-a2b0-5e4f73b57102,Ford,F-150,ICE,400,,160
5d0899ca-78ca-46eb-896e-1ae6d62243ea,Kia,EV6,EV,320,48000.0,192
626ecbd8-3f6c-40a6-9151-3c692410dfec,Mazda,MX-5,ICE,181,29000.0,215
a86d4ef2-123e-4efc-abb4-7b5705e86036,Toyota,Corolla,ICE,140,25000.0,180
3131a293-c8fa-444c-b073-eb66fd76dd1e,Honda,Civic,ICE,158,27500.0,200
5132e416-50f0-4439-806c-32c6f659388f,Tesla,Model 3,EV,283,42000.0,225
d02326d9-5bdf-4682-8627-89665ee2a9af,BMW,M3,ICE,473,75000.0,290
80fd6702-dadc-45bc-813a-84637d4f33f5,Ford,Mustang GT,ICE,450,45000.0,250
1a113b25-97d8-437c-a073-235b3fd9a7fa,Toyota,Prius,Hybrid,121,28000.0,180
9b16a837-626c-4a28-aa0e-f2cc6512b5cd,Porsche,911 Turbo,ICE,572,180000.0,320
e40590e2-fbbc-4b9d-a3c5-39477ca68f91,Nissan,Leaf,EV,147,29000.0,157
4c422fc9-6f22-40fc-a6be-0846f06285c3,Hyundai,Ioniq 5,EV,320,44000.0,185
dae039e6-526f-41dd-80f6-f983e4e0ea05,Chevrolet,Corvette,ICE,495,65000.0,312
54825959-4ccb-4581-b5ea-9a3904904b05,Toyota,Corolla,ICE,140,25000.0,180
9625e0b6-32c1-43ae-ba27-e6745bcec1b2,Honda,Civic,ICE,158,27500.0,200
0bfb350b-b0fe-403f-a56e-572c8d92a41b,Tesla,Model 3,EV,283,42000.0,225
2cd62a55-4a05-45ae-9687-2901ec382b34,BMW,M3,ICE,473,75000.0,290
eff7403c-8c86-4eca-adf1-d07992c9522b,Ford,Mustang GT,ICE,450,45000.0,250
b55d58f0-b614-4f79-a1c5-49c053b482d9,Toyota,Prius,Hybrid,121,28000.0,180
a15fc8c1-a63c-4451-a5f0-dce4a09a65d4,Porsche,911 Turbo,ICE,572,180000.0,320
660fbab3-15fd-4463-97ba-2be1f3facb91,Nissan,Leaf,EV,147,29000.0,157
3474de59-d46a-421e-9e1f-4d855ec8b260,Hyundai,Ioniq 5,EV,320,44000.0,185
33be5d70-5c33-4035-9ab1-b36d46dde6e6,Chevrolet,Corvette,ICE,495,65000.0,312
41c3661c-46d1-4f6d-a700-52fdd2176888,Toyota,Prius,Hybrid,121,28000.0,180
0a0d6242-872f-42f5-bcc5-14b976e499b1,Porsche,911 Turbo,ICE,572,180000.0,320
596af36c-28a0-4936-b4d5-1ab643526893,Nissan,Leaf,EV,147,29000.0,157
72257d51-e22d-4b64-83e3-52b056069f33,Hyundai,Ioniq 5,EV,320,44000.0,185
dd1cad8b-c86e-49a4-b51c-ce66c960550b,Chevrolet,Corvette,ICE,495,65000.0,312
dc364e78-5a62-48fe-9f1c-af89cd453b6e,Toyota,RAV4,Hybrid,203,30000.0,180
99027c3d-d0cf-4d80-bee8-b206edc3489c,BMW,i4,EV,335,56000.0,190
a4da21a1-af54-44af-a27a-5f34983da9cb,Ford,F-150,ICE,400,,160
ac6271b6-815e-46bd-a822-2126bba732a9,Kia,EV6,EV,320,48000.0,192
b88fcee9-a942-432d-b293-780a507efab1,Mazda,MX-5,ICE,181,29000.0,215
a6b7d151-2fa9-469c-97ec-1de8dc1fb8e9,Toyota,Corolla,ICE,140,25000.0,180
3ac4e516-374d-408c-92d9-826e34a4d6b9,Honda,Civic,ICE,158,27500.0,200
fd2a5781-44de-45d6-b31e-18a4c208c144,Tesla,Model 3,EV,283,42000.0,225
8ec5a447-238c-4d2f-a9b5-9b3a98ef64ce,BMW,M3,ICE,473,75000.0,290
10b5bc7a-26f4-47bf-8064-0e5edce6856c,Ford,Mustang GT,ICE,450,45000.0,250
cd399932-beb9-412a-8675-c741fd6b4a01,Toyota,Corolla,ICE,140,25000.0,180
9fde3d57-5994-49a7-8628-cdf32aa9933b,Honda,Civic,ICE,158,27500.0,200
1f4ab98b-a986-4ea9-aacd-969ad8c11480,Tesla,Model 3,EV,283,42000.0,225
0587b2a8-76c8-470d-8815-6a89c2a994c1,BMW,M3,ICE,473,75000.0,290
c4172d95-206d-4562-bdbe-47abf4507932,Ford,Mustang GT,ICE,450,45000.0,250
9a8df0f6-784a-4b9a-8078-6869caceb3d8,Toyota,RAV4,Hybrid,203,30000.0,180
f73c59dc-7c71-477e-8439-b76eb01ab067,BMW,i4,EV,335,56000.0,190
819dde3b-7029-4d5f-a67c-b876387c9843,Ford,F-150,ICE,400,,160
f2fd8342-1218-4269-ac95-602bf4bc133f,Kia,EV6,EV,320,48000.0,192
5cb45927-3052-46c5-b0e3-ea620dee7675,Mazda,MX-5,ICE,181,29000.0,215
17301aa5-9eff-4d39-a20f-fb67b0c77d67,Toyota,Prius,Hybrid,121,28000.0,180
9c62ec7b-57f8-4943-8ea4-16a717297ead,Porsche,911 Turbo,ICE,572,180000.0,320
d9fcb64a-78e8-4d1f-a53a-a9d8e0a7c45a,Nissan,Leaf,EV,147,29000.0,157
d88c7ead-d97c-46d7-8547-d3c6748ec1a0,Hyundai,Ioniq 5,EV,320,44000.0,185
4a8e16d9-02b8-4c6a-b1c8-bbcd81fce45a,Chevrolet,Corvette,ICE,495,65000.0,312
c622c2c1-e588-484d-a78b-80dc095a438a,Toyota,RAV4,Hybrid,203,30000.0,180
2aa0dd46-5670-4960-bc69-5b9b61f116fd,BMW,i4,EV,335,56000.0,190
311abe26-2ff4-4280-9c8f-943292660ec7,Ford,F-150,ICE,400,,160
2990dfda-995d-4f7a-b404-712fe1371e11,Kia,EV6,EV,320,48000.0,192
cdc126f7-8873-485f-b264-87a767795268,Mazda,MX-5,ICE,181,29000.0,215
20bd2cce-1188-4f36-8614-fe387820806e,Toyota,Corolla,ICE,140,25000.0,180
2ab534a7-00f3-4854-a5d6-f7fe8d2fc93c,Honda,Civic,ICE,158,27500.0,200
e68448c1-6312-443c-ad80-0d50753d5b60,Tesla,Model 3,EV,283,42000.0,225
204c9a58-b961-4b6f-a02a-deeaf5ad89f4,BMW,M3,ICE,473,75000.0,290
e2c59704-f265-47f7-84cf-e20f35ff5047,Ford,Mustang GT,ICE,450,45000.0,250
b1376297-f508-4158-96dc-dafa05fbe66d,Toyota,RAV4,Hybrid,203,30000.0,180
0d496753-9aa0-4545-bad3-5510ab93cd4c,BMW,i4,EV,335,56000.0,190
c59e7138-4b6f-4643-b18f-b9d92a1aa095,Ford,F-150,ICE,400,,160
5ea42d5c-e109-4de1-a33b-63d5f4fc5268,Kia,EV6,EV,320,48000.0,192
0c17ad3b-1e40-48f6-ae86-266f06b7c307,Mazda,MX-5,ICE,181,29000.0,215
bfbad18b-fc6d-4509-a821-aeeb5f57d96d,Toyota,Corolla,ICE,140,25000.0,180
26b61713-8fa2-4c79-8939-657dba69da85,Honda,Civic,ICE,158,27500.0,200
24ee2749-1ca9-4e3b-8bd9-f3b8d903636f,Tesla,Model 3,EV,283,42000.0,225
97da7087-487d-4807-87c9-7098d7e22bda,BMW,M3,ICE,473,75000.0,290
0a2cd28b-b4f2-4b3f-8b34-ab5e6ee13a53,Ford,Mustang GT,ICE,450,45000.0,250
1aef1b9b-5b4e-4ebb-94d0-1824257f2d94,Toyota,RAV4,Hybrid,203,30000.0,180
3576305b-deb6-49ce-8478-4ba1c112ffd6,BMW,i4,EV,335,56000.0,190
8140b74e-256d-4c09-930e-d6a42ca032e9,Ford,F-150,ICE,400,,160
12b509ff-c0d2-4ddb-bd6c-dc2aa7768a18,Kia,EV6,EV,320,48000.0,192
b5143097-85ab-430a-bb6f-6d914cf088d3,Mazda,MX-5,ICE,181,29000.0,215
39ab32fc-9cb4-4724-8254-de9cde713e64,Toyota,RAV4,Hybrid,203,30000.0,180
f1c1766f-ac4f-459a-9c32-552492921ff0,BMW,i4,EV,335,56000.0,190
c897c907-9553-4619-91b6-310129956630,Ford,F-150,ICE,400,,160
c0fa29d0-3dd4-4f1d-9dbe-14b145f4b7a7,Kia,EV6,EV,320,48000.0,192
259fba87-318f-488b-a610-1fe0ca8385bd,Mazda,MX-5,ICE,181,29000.0,215
fa989ca1-b714-458d-bcc1-2f85d141581b,Toyota,Corolla,ICE,140,25000.0,180
24c01f54-c82c-4eef-a6f4-bfb4af022bc7,Honda,Civic,ICE,158,27500.0,200
cc44b0bd-e430-44c9-a188-b2c35ca371ce,Tesla,Model 3,EV,283,42000.0,225
240f6c18-6299-4f19-966a-50f7a4887e31,BMW,M3,ICE,473,75000.0,290
60bbb5b8-c971-4205-9705-3aef461203a4,Ford,Mustang GT,ICE,450,45000.0,250
07691a52-523b-47d7-9101-8296d292f4b1,Toyota,RAV4,Hybrid,203,30000.0,180
d7d05954-6f5a-4e37-a5cb-609b05281331,BMW,i4,EV,335,56000.0,190
97449750-9ef2-4c17-a591-9cf92daf6dbc,Ford,F-150,ICE,400,,160
bde37f16-69be-4e42-ae40-b45786ce3898,Kia,EV6,EV,320,48000.0,192
614c7f4f-4d0c-4a9e-af1a-9d9eac78bcc2,Mazda,MX-5,ICE,181,29000.0,215
9e3ea1ed-5680-4546-9654-23a98846e535,Toyota,Corolla,ICE,140,25000.0,180
4380f7a4-8b38-4b53-a4ab-27ab7d825686,Honda,Civic,ICE,158,27500.0,200
d834ce12-af19-440f-b579-5e8f8f5c7994,Tesla,Model 3,EV,283,42000.0,225
eded69f1-221f-41f7-a3d8-eade71398bf9,BMW,M3,ICE,473,75000.0,290
6966e21f-adc9-428b-938c-03de7d655829,Ford,Mustang GT,ICE,450,45000.0,250
fe7ec7cd-858e-43bc-b815-cad5b2456f0e,Toyota,RAV4,Hybrid,203,30000.0,180
7f61a165-7ab2-4257-8267-a44cdeca880e,BMW,i4,EV,335,56000.0,190
3c6e2697-62c4-4284-86b0-c796fdf7ae58,Ford,F-150,ICE,400,,160
6f7ef865-1c57-4e37-8e6b-f92015bcc9ec,Kia,EV6,EV,320,48000.0,192
f3847c75-6c4e-420e-af11-f35a865d26f6,Mazda,MX-5,ICE,181,29000.0,215
9893c863-6bca-49b2-b63e-39ca1d19712f,Toyota,RAV4,Hybrid,203,30000.0,180
78d24ecc-26e8-4adc-af2b-a102541d1e03,BMW,i4,EV,335,56000.0,190
ce78f5a6-bf90-4921-b2d0-a21e1125ba9c,Ford,F-150,ICE,400,,160
40eb7db1-3fc9-4df0-b629-7327dca0d682,Kia,EV6,EV,320,48000.0,192
aa54e992-c68e-4f20-9c4a-573076e1dde1,Mazda,MX-5,ICE,181,29000.0,215
1ebfe916-a76c-463e-bc79-72a637b9e6f1,Toyota,RAV4,Hybrid,203,30000.0,180
9997a8c7-ab03-4604-842e-e8bc80f0d8ef,BMW,i4,EV,335,56000.0,190
bf6c225c-0963-4997-b7e1-9d9399ab8623,Ford,F-150,ICE,400,,160
554cbba9-9f5a-4b6b-a0c2-0f168731ec31,Kia,EV6,EV,320,48000.0,192
248bc427-6f93-454c-998a-6585928adc5c,Mazda,MX-5,ICE,181,29000.0,215
